<?xml version="1.0" encoding="UTF-8" standalone="no"?>
<process version="6.5.002">
  <context>
    <input/>
    <output/>
    <macros/>
  </context>
  <operator activated="true" class="process" compatibility="6.5.002" expanded="true" name="Process">
    <parameter key="logverbosity" value="init"/>
    <parameter key="random_seed" value="2001"/>
    <parameter key="send_mail" value="never"/>
    <parameter key="notification_email" value=""/>
    <parameter key="process_duration_for_mail" value="30"/>
    <parameter key="encoding" value="SYSTEM"/>
    <process expanded="true">
      <operator activated="true" class="retrieve" compatibility="6.5.002" expanded="true" height="60" name="Retrieve practical3MarkA" width="90" x="45" y="255">
        <parameter key="repository_entry" value="//Local Repository/data/practical3MarkA"/>
      </operator>
      <operator activated="true" class="set_role" compatibility="6.5.002" expanded="true" height="76" name="Set Role" width="90" x="246" y="210">
        <parameter key="attribute_name" value="Final Exam"/>
        <parameter key="target_role" value="label"/>
        <list key="set_additional_roles"/>
      </operator>
      <operator activated="true" class="linear_regression" compatibility="6.5.002" expanded="true" height="94" name="Linear Regression" width="90" x="447" y="165">
        <parameter key="feature_selection" value="M5 prime"/>
        <parameter key="alpha" value="0.05"/>
        <parameter key="max_iterations" value="10"/>
        <parameter key="forward_alpha" value="0.05"/>
        <parameter key="backward_alpha" value="0.05"/>
        <parameter key="eliminate_colinear_features" value="true"/>
        <parameter key="min_tolerance" value="0.05"/>
        <parameter key="use_bias" value="true"/>
        <parameter key="ridge" value="1.0E-8"/>
      </operator>
      <connect from_op="Retrieve practical3MarkA" from_port="output" to_op="Set Role" to_port="example set input"/>
      <connect from_op="Set Role" from_port="example set output" to_op="Linear Regression" to_port="training set"/>
      <connect from_op="Linear Regression" from_port="model" to_port="result 1"/>
      <portSpacing port="source_input 1" spacing="0"/>
      <portSpacing port="sink_result 1" spacing="0"/>
      <portSpacing port="sink_result 2" spacing="0"/>
    </process>
  </operator>
</process>
