<?xml version="1.0" encoding="UTF-8" standalone="no"?>
<process version="6.5.002">
  <context>
    <input/>
    <output/>
    <macros/>
  </context>
  <operator activated="true" class="process" compatibility="6.5.002" expanded="true" name="Process">
    <parameter key="logverbosity" value="init"/>
    <parameter key="random_seed" value="2001"/>
    <parameter key="send_mail" value="never"/>
    <parameter key="notification_email" value=""/>
    <parameter key="process_duration_for_mail" value="30"/>
    <parameter key="encoding" value="SYSTEM"/>
    <process expanded="true">
      <operator activated="true" class="retrieve" compatibility="6.5.002" expanded="true" height="60" name="Retrieve practical3Borrower" width="90" x="45" y="210">
        <parameter key="repository_entry" value="//Local Repository/data/practical3Borrower"/>
      </operator>
      <operator activated="true" class="select_attributes" compatibility="6.5.002" expanded="true" height="76" name="Select Attributes" width="90" x="179" y="210">
        <parameter key="attribute_filter_type" value="subset"/>
        <parameter key="attribute" value=""/>
        <parameter key="attributes" value="Marital status|Home Owner|Defaulted Borrower|Annual Income"/>
        <parameter key="use_except_expression" value="false"/>
        <parameter key="value_type" value="attribute_value"/>
        <parameter key="use_value_type_exception" value="false"/>
        <parameter key="except_value_type" value="time"/>
        <parameter key="block_type" value="attribute_block"/>
        <parameter key="use_block_type_exception" value="false"/>
        <parameter key="except_block_type" value="value_matrix_row_start"/>
        <parameter key="invert_selection" value="false"/>
        <parameter key="include_special_attributes" value="false"/>
      </operator>
      <operator activated="true" class="set_role" compatibility="6.5.002" expanded="true" height="76" name="Set Role" width="90" x="313" y="210">
        <parameter key="attribute_name" value="Defaulted Borrower"/>
        <parameter key="target_role" value="label"/>
        <list key="set_additional_roles"/>
      </operator>
      <operator activated="true" class="x_validation" compatibility="6.5.002" expanded="true" height="112" name="Validation" width="90" x="514" y="210">
        <parameter key="create_complete_model" value="false"/>
        <parameter key="average_performances_only" value="true"/>
        <parameter key="leave_one_out" value="false"/>
        <parameter key="number_of_validations" value="5"/>
        <parameter key="sampling_type" value="automatic"/>
        <parameter key="use_local_random_seed" value="false"/>
        <parameter key="local_random_seed" value="1992"/>
        <process expanded="true">
          <operator activated="true" class="parallel_decision_tree" compatibility="6.5.002" expanded="true" height="76" name="Decision Tree" width="90" x="112" y="30">
            <parameter key="criterion" value="gain_ratio"/>
            <parameter key="maximal_depth" value="20"/>
            <parameter key="apply_pruning" value="false"/>
            <parameter key="confidence" value="0.25"/>
            <parameter key="apply_prepruning" value="false"/>
            <parameter key="minimal_gain" value="0.1"/>
            <parameter key="minimal_leaf_size" value="2"/>
            <parameter key="minimal_size_for_split" value="2"/>
            <parameter key="number_of_prepruning_alternatives" value="3"/>
          </operator>
          <connect from_port="training" to_op="Decision Tree" to_port="training set"/>
          <connect from_op="Decision Tree" from_port="model" to_port="model"/>
          <portSpacing port="source_training" spacing="0"/>
          <portSpacing port="sink_model" spacing="0"/>
          <portSpacing port="sink_through 1" spacing="0"/>
        </process>
        <process expanded="true">
          <operator activated="true" class="apply_model" compatibility="6.5.002" expanded="true" height="76" name="Apply Model" width="90" x="45" y="30">
            <list key="application_parameters"/>
            <parameter key="create_view" value="false"/>
          </operator>
          <operator activated="true" class="performance" compatibility="6.5.002" expanded="true" height="76" name="Performance" width="90" x="179" y="30">
            <parameter key="use_example_weights" value="true"/>
          </operator>
          <connect from_port="model" to_op="Apply Model" to_port="model"/>
          <connect from_port="test set" to_op="Apply Model" to_port="unlabelled data"/>
          <connect from_op="Apply Model" from_port="labelled data" to_op="Performance" to_port="labelled data"/>
          <connect from_op="Performance" from_port="performance" to_port="averagable 1"/>
          <portSpacing port="source_model" spacing="0"/>
          <portSpacing port="source_test set" spacing="0"/>
          <portSpacing port="source_through 1" spacing="0"/>
          <portSpacing port="sink_averagable 1" spacing="0"/>
          <portSpacing port="sink_averagable 2" spacing="0"/>
        </process>
      </operator>
      <connect from_op="Retrieve practical3Borrower" from_port="output" to_op="Select Attributes" to_port="example set input"/>
      <connect from_op="Select Attributes" from_port="example set output" to_op="Set Role" to_port="example set input"/>
      <connect from_op="Set Role" from_port="example set output" to_op="Validation" to_port="training"/>
      <connect from_op="Validation" from_port="model" to_port="result 1"/>
      <connect from_op="Validation" from_port="averagable 1" to_port="result 2"/>
      <portSpacing port="source_input 1" spacing="0"/>
      <portSpacing port="sink_result 1" spacing="0"/>
      <portSpacing port="sink_result 2" spacing="0"/>
      <portSpacing port="sink_result 3" spacing="0"/>
    </process>
  </operator>
</process>
