<?xml version="1.0" encoding="UTF-8" standalone="no"?>
<process version="6.5.002">
  <context>
    <input/>
    <output/>
    <macros/>
  </context>
  <operator activated="true" class="process" compatibility="6.5.002" expanded="true" name="Process">
    <parameter key="logverbosity" value="init"/>
    <parameter key="random_seed" value="2001"/>
    <parameter key="send_mail" value="never"/>
    <parameter key="notification_email" value=""/>
    <parameter key="process_duration_for_mail" value="30"/>
    <parameter key="encoding" value="SYSTEM"/>
    <process expanded="true">
      <operator activated="true" class="retrieve" compatibility="6.5.002" expanded="true" height="60" name="Retrieve practicalRM2bank" width="90" x="45" y="210">
        <parameter key="repository_entry" value="//Local Repository/data/practicalRM2bank"/>
      </operator>
      <operator activated="true" class="select_attributes" compatibility="6.5.002" expanded="true" height="76" name="Select Attributes" width="90" x="179" y="75">
        <parameter key="attribute_filter_type" value="subset"/>
        <parameter key="attribute" value=""/>
        <parameter key="attributes" value="sex|save_act|region|pep|mortgage|married|income|current_act|children|age"/>
        <parameter key="use_except_expression" value="false"/>
        <parameter key="value_type" value="attribute_value"/>
        <parameter key="use_value_type_exception" value="false"/>
        <parameter key="except_value_type" value="time"/>
        <parameter key="block_type" value="attribute_block"/>
        <parameter key="use_block_type_exception" value="false"/>
        <parameter key="except_block_type" value="value_matrix_row_start"/>
        <parameter key="invert_selection" value="false"/>
        <parameter key="include_special_attributes" value="false"/>
      </operator>
      <operator activated="true" class="discretize_by_bins" compatibility="6.5.002" expanded="true" height="94" name="Discretize" width="90" x="246" y="255">
        <parameter key="return_preprocessing_model" value="false"/>
        <parameter key="create_view" value="false"/>
        <parameter key="attribute_filter_type" value="subset"/>
        <parameter key="attribute" value=""/>
        <parameter key="attributes" value="income|children|age"/>
        <parameter key="use_except_expression" value="false"/>
        <parameter key="value_type" value="numeric"/>
        <parameter key="use_value_type_exception" value="false"/>
        <parameter key="except_value_type" value="real"/>
        <parameter key="block_type" value="value_series"/>
        <parameter key="use_block_type_exception" value="false"/>
        <parameter key="except_block_type" value="value_series_end"/>
        <parameter key="invert_selection" value="false"/>
        <parameter key="include_special_attributes" value="false"/>
        <parameter key="number_of_bins" value="3"/>
        <parameter key="define_boundaries" value="false"/>
        <parameter key="min_value" value="5000.0"/>
        <parameter key="max_value" value="64000.0"/>
        <parameter key="range_name_type" value="long"/>
        <parameter key="automatic_number_of_digits" value="true"/>
        <parameter key="number_of_digits" value="3"/>
      </operator>
      <operator activated="true" class="nominal_to_binominal" compatibility="6.5.002" expanded="true" height="94" name="Nominal to Binominal" width="90" x="313" y="30">
        <parameter key="return_preprocessing_model" value="false"/>
        <parameter key="create_view" value="false"/>
        <parameter key="attribute_filter_type" value="subset"/>
        <parameter key="attribute" value=""/>
        <parameter key="attributes" value="sex|save_act|region|pep|mortgage|married|income|current_act|children|age"/>
        <parameter key="use_except_expression" value="false"/>
        <parameter key="value_type" value="nominal"/>
        <parameter key="use_value_type_exception" value="false"/>
        <parameter key="except_value_type" value="file_path"/>
        <parameter key="block_type" value="single_value"/>
        <parameter key="use_block_type_exception" value="false"/>
        <parameter key="except_block_type" value="single_value"/>
        <parameter key="invert_selection" value="false"/>
        <parameter key="include_special_attributes" value="false"/>
        <parameter key="transform_binominal" value="false"/>
        <parameter key="use_underscore_in_name" value="false"/>
      </operator>
      <operator activated="true" class="fp_growth" compatibility="6.5.002" expanded="true" height="76" name="FP-Growth" width="90" x="447" y="30">
        <parameter key="find_min_number_of_itemsets" value="false"/>
        <parameter key="min_number_of_itemsets" value="100"/>
        <parameter key="max_number_of_retries" value="15"/>
        <parameter key="min_support" value="0.2"/>
        <parameter key="max_items" value="-1"/>
        <parameter key="keep_example_set" value="false"/>
      </operator>
      <operator activated="true" class="create_association_rules" compatibility="6.5.002" expanded="true" height="76" name="Create Association Rules" width="90" x="581" y="30">
        <parameter key="criterion" value="confidence"/>
        <parameter key="min_confidence" value="0.76"/>
        <parameter key="min_criterion_value" value="0.8"/>
        <parameter key="gain_theta" value="2.0"/>
        <parameter key="laplace_k" value="1.0"/>
      </operator>
      <connect from_op="Retrieve practicalRM2bank" from_port="output" to_op="Select Attributes" to_port="example set input"/>
      <connect from_op="Select Attributes" from_port="example set output" to_op="Discretize" to_port="example set input"/>
      <connect from_op="Discretize" from_port="example set output" to_op="Nominal to Binominal" to_port="example set input"/>
      <connect from_op="Nominal to Binominal" from_port="example set output" to_op="FP-Growth" to_port="example set"/>
      <connect from_op="FP-Growth" from_port="frequent sets" to_op="Create Association Rules" to_port="item sets"/>
      <connect from_op="Create Association Rules" from_port="rules" to_port="result 1"/>
      <portSpacing port="source_input 1" spacing="0"/>
      <portSpacing port="sink_result 1" spacing="0"/>
      <portSpacing port="sink_result 2" spacing="0"/>
    </process>
  </operator>
</process>
